[{"pk": 4, "model": "cadastro.pessoa", "fields": {"nome": "Adriana Custoriano", "data_nascimento": "1980-04-16", "cpf": "0554", "identidade": "46564", "telefone": "2314-9988", "endereco": "Rua nordeste, 123. Apto 201\r\nmadureira\r\nrj/jr\r\ncep 23.445-010", "email": "", "orgao_expedidor": "detran"}}, {"pk": 12, "model": "cadastro.pessoa", "fields": {"nome": "Angelica Sim\u00f5es Albuquerque", "data_nascimento": "2002-02-23", "cpf": "004434334-98", "identidade": "11", "telefone": "2314-9988", "endereco": "Rua jo\u00e3o bastista, casa 10.\r\ncascadura\r\nrj/rj\r\ncep 22002-122", "email": "filho@filho.com", "orgao_expedidor": "detran"}}, {"pk": 8, "model": "cadastro.pessoa", "fields": {"nome": "Arnaldo Cunha", "data_nascimento": "1983-06-17", "cpf": "0880", "identidade": "11", "telefone": "", "endereco": "", "email": "", "orgao_expedidor": "detran"}}, {"pk": 9, "model": "cadastro.pessoa", "fields": {"nome": "Aroldo Cunha", "data_nascimento": "1988-05-29", "cpf": "2334", "identidade": "112", "telefone": "", "endereco": "", "email": "", "orgao_expedidor": "detran"}}, {"pk": 6, "model": "cadastro.pessoa", "fields": {"nome": "Jo\u00e3o Custoriano", "data_nascimento": "2013-04-16", "cpf": "0088", "identidade": "112", "telefone": "", "endereco": "", "email": "", "orgao_expedidor": "546"}}, {"pk": 13, "model": "cadastro.pessoa", "fields": {"nome": "J\u00e9ssica Algua", "data_nascimento": "1996-01-01", "cpf": "0088", "identidade": "11489894-3", "telefone": "2314-9988", "endereco": "rua silva pinto, 1244, apto 901.", "email": "dsad@sd.com", "orgao_expedidor": "detran"}}, {"pk": 5, "model": "cadastro.pessoa", "fields": {"nome": "Maria Custoriano", "data_nascimento": "1987-04-29", "cpf": "0880", "identidade": "11", "telefone": "", "endereco": "", "email": "", "orgao_expedidor": "detran"}}, {"pk": 2, "model": "cadastro.pessoa", "fields": {"nome": "Maria da Silva", "data_nascimento": "1968-04-14", "cpf": "004434334-98", "identidade": "1234", "telefone": "3244-4433", "endereco": "rua tal, 14 casa 22\r\ncentro\r\ncep 21223-222\r\n", "email": "tes@teste.com", "orgao_expedidor": "Exercito"}}, {"pk": 7, "model": "cadastro.pessoa", "fields": {"nome": "Renata Ribeiro Cunha", "data_nascimento": "1976-07-14", "cpf": "004434334-98", "identidade": "1234", "telefone": "2314-9988", "endereco": "Rua Ministro Jos\u00e9 Geraldo, casa 1234.\r\nBairro Geraldino\r\nDuque de Caxias / RJ\r\nCep  22233-333", "email": "tes@teste.com", "orgao_expedidor": "detran"}}, {"pk": 10, "model": "cadastro.pessoa", "fields": {"nome": "Rita de C\u00e1ssia", "data_nascimento": "1977-08-22", "cpf": "004434334-98", "identidade": "1234", "telefone": "2314-9988", "endereco": "Rua das neves, 1. Apto 101.\r\ncentro\r\nrio de janeiro/rj\r\ncep 20033-123", "email": "tes@teste.com", "orgao_expedidor": "detran"}}, {"pk": 3, "model": "cadastro.pessoa", "fields": {"nome": "Ronaldo Silva", "data_nascimento": "1991-04-28", "cpf": "08899333-98", "identidade": "33444-2", "telefone": "", "endereco": "", "email": "", "orgao_expedidor": "Exercito"}}, {"pk": 11, "model": "cadastro.pessoa", "fields": {"nome": "Uoston de Brito Junior", "data_nascimento": "1980-05-22", "cpf": "0554", "identidade": "1234", "telefone": "2314-9988", "endereco": "Rua das flores, 124, apto 401.\r\nSanta Cruz\r\nRj/Rj\r\ncep 19229-001", "email": "tes@teste.com", "orgao_expedidor": "Exercito"}}, {"pk": 1, "model": "cadastro.pessoa", "fields": {"nome": "Victor Bilouro", "data_nascimento": "1980-10-16", "cpf": "08806064797", "identidade": "11489894-3", "telefone": "3351-8813", "endereco": "Rua galvani, 560/201", "email": "bilouro@bilouro.com", "orgao_expedidor": "detran"}}, {"pk": 1, "model": "cadastro.statuscliente", "fields": {"descricao": "Ativo"}}, {"pk": 2, "model": "cadastro.statuscliente", "fields": {"descricao": "Inadimplente"}}, {"pk": 3, "model": "cadastro.statuscliente", "fields": {"descricao": "Inativo"}}, {"pk": 12, "model": "cadastro.cliente", "fields": {"status": 1, "data_cadastro": "2013-04-21T00:22:38Z"}}, {"pk": 13, "model": "cadastro.cliente", "fields": {"status": 1, "data_cadastro": "2011-01-11T23:23:58Z"}}, {"pk": 1, "model": "cadastro.cliente", "fields": {"status": 1, "data_cadastro": "2013-04-15T02:47:13Z"}}, {"pk": 1, "model": "cadastro.statusfuncionario", "fields": {"habilitado": true, "descricao": "Ativo"}}, {"pk": 2, "model": "cadastro.statusfuncionario", "fields": {"habilitado": false, "descricao": "Desligado"}}, {"pk": 3, "model": "cadastro.statusfuncionario", "fields": {"habilitado": false, "descricao": "F\u00e9rias"}}, {"pk": 1, "model": "cadastro.cargo", "fields": {"descricao": "Prestador de Servi\u00e7os"}}, {"pk": 2, "model": "cadastro.cargo", "fields": {"descricao": "Recepcionista e Caixa"}}, {"pk": 3, "model": "cadastro.cargo", "fields": {"descricao": "Gerente"}}, {"pk": 4, "model": "cadastro.funcionario", "fields": {"status": 1, "data_admissao": "2013-04-16", "cargo": 3}}, {"pk": 2, "model": "cadastro.funcionario", "fields": {"status": 1, "data_admissao": "2013-04-14", "cargo": 1}}, {"pk": 7, "model": "cadastro.funcionario", "fields": {"status": 1, "data_admissao": "2012-04-20", "cargo": 2}}, {"pk": 10, "model": "cadastro.funcionario", "fields": {"status": 1, "data_admissao": "2011-04-11", "cargo": 1}}, {"pk": 11, "model": "cadastro.funcionario", "fields": {"status": 1, "data_admissao": "2011-06-11", "cargo": 1}}, {"pk": 8, "model": "cadastro.dependentefuncionario", "fields": {"funcionario": 7}}, {"pk": 9, "model": "cadastro.dependentefuncionario", "fields": {"funcionario": 7}}, {"pk": 6, "model": "cadastro.dependentefuncionario", "fields": {"funcionario": 4}}, {"pk": 5, "model": "cadastro.dependentefuncionario", "fields": {"funcionario": 4}}, {"pk": 3, "model": "cadastro.dependentefuncionario", "fields": {"funcionario": 2}}, {"pk": 1, "model": "cadastro.especialidade", "fields": {"descricao": "Manicure e Pedicure"}}, {"pk": 2, "model": "cadastro.especialidade", "fields": {"descricao": "Qu\u00edmica"}}, {"pk": 3, "model": "cadastro.especialidade", "fields": {"descricao": "Depila\u00e7\u00e3o"}}, {"pk": 4, "model": "cadastro.especialidade", "fields": {"descricao": "Cabelo"}}, {"pk": 5, "model": "cadastro.especialidade", "fields": {"descricao": "Est\u00e9tica"}}, {"pk": 1, "model": "cadastro.especialidadefuncionario", "fields": {"funcionario": 2, "especialidade": 1}}, {"pk": 2, "model": "cadastro.especialidadefuncionario", "fields": {"funcionario": 10, "especialidade": 5}}, {"pk": 3, "model": "cadastro.especialidadefuncionario", "fields": {"funcionario": 10, "especialidade": 3}}, {"pk": 4, "model": "cadastro.especialidadefuncionario", "fields": {"funcionario": 11, "especialidade": 2}}, {"pk": 6, "model": "cadastro.especialidadefuncionario", "fields": {"funcionario": 4, "especialidade": 4}}, {"pk": 7, "model": "cadastro.especialidadefuncionario", "fields": {"funcionario": 11, "especialidade": 4}}, {"pk": 1, "model": "cadastro.servico", "fields": {"habilitado": true, "nome": "P\u00e9", "custo_material": "0.5", "especialidade": 1, "comissao": "30", "valor": "10", "descricao": "P\u00e9"}}, {"pk": 2, "model": "cadastro.servico", "fields": {"habilitado": true, "nome": "M\u00e3o", "custo_material": "0.5", "especialidade": 1, "comissao": "30", "valor": "10", "descricao": "M\u00e3o"}}, {"pk": 3, "model": "cadastro.servico", "fields": {"habilitado": true, "nome": "Corte Masculino", "custo_material": "1", "especialidade": 4, "comissao": "30", "valor": "40", "descricao": "Corte de cabelo para homens"}}, {"pk": 4, "model": "cadastro.servico", "fields": {"habilitado": true, "nome": "Corte Feminino", "custo_material": "1", "especialidade": 4, "comissao": "30", "valor": "60", "descricao": "Corte de cabelo para mulheres"}}, {"pk": 5, "model": "cadastro.servico", "fields": {"habilitado": true, "nome": "Escova", "custo_material": "2", "especialidade": 4, "comissao": "30", "valor": "35", "descricao": "Escova"}}, {"pk": 6, "model": "cadastro.servico", "fields": {"habilitado": true, "nome": "Hidrata\u00e7\u00e3o", "custo_material": "2", "especialidade": 4, "comissao": "30", "valor": "80", "descricao": "Hidrata\u00e7\u00e3o com vapor a base de ervas naturais "}}, {"pk": 7, "model": "cadastro.servico", "fields": {"habilitado": true, "nome": "Ax\u00edlas", "custo_material": "2.5", "especialidade": 3, "comissao": "30", "valor": "20", "descricao": "Depila\u00e7\u00e3o das Ax\u00edlas"}}, {"pk": 8, "model": "cadastro.servico", "fields": {"habilitado": true, "nome": "Bu\u00e7o", "custo_material": "0.5", "especialidade": 3, "comissao": "30", "valor": "15", "descricao": "Depila\u00e7\u00e3o do Bu\u00e7o"}}, {"pk": 9, "model": "cadastro.servico", "fields": {"habilitado": true, "nome": "Virilha", "custo_material": "1", "especialidade": 3, "comissao": "30", "valor": "30", "descricao": "Depila\u00e7\u00e3o da Virilha"}}, {"pk": 10, "model": "cadastro.servico", "fields": {"habilitado": true, "nome": "Meia perna", "custo_material": "4", "especialidade": 3, "comissao": "30", "valor": "35", "descricao": "Depila\u00e7\u00e3o de Meia perna"}}, {"pk": 11, "model": "cadastro.servico", "fields": {"habilitado": true, "nome": "Perna Inteira", "custo_material": "6", "especialidade": 3, "comissao": "30", "valor": "50", "descricao": "Depila\u00e7\u00e3o da Perna Inteira"}}, {"pk": 12, "model": "cadastro.servico", "fields": {"habilitado": true, "nome": "Limpeza de Pele", "custo_material": "15", "especialidade": 5, "comissao": "30", "valor": "120", "descricao": "Limpeza de Pele"}}, {"pk": 13, "model": "cadastro.servico", "fields": {"habilitado": true, "nome": "Maquilagem", "custo_material": "10", "especialidade": 5, "comissao": "30", "valor": "100", "descricao": "Maquilagem"}}, {"pk": 14, "model": "cadastro.servico", "fields": {"habilitado": true, "nome": "Massagem relaxante", "custo_material": "2", "especialidade": 5, "comissao": "30", "valor": "60", "descricao": "Massagem relaxante"}}, {"pk": 15, "model": "cadastro.servico", "fields": {"habilitado": true, "nome": "Design de sobrancelha", "custo_material": "0.5", "especialidade": 5, "comissao": "30", "valor": "35", "descricao": "Design de sobrancelha"}}, {"pk": 16, "model": "cadastro.servico", "fields": {"habilitado": true, "nome": "Pintura", "custo_material": "28", "especialidade": 2, "comissao": "30", "valor": "140", "descricao": "Pintura"}}, {"pk": 17, "model": "cadastro.servico", "fields": {"habilitado": true, "nome": "Escova progressiva", "custo_material": "60", "especialidade": 2, "comissao": "30", "valor": "300", "descricao": "Escova progressiva"}}, {"pk": 18, "model": "cadastro.servico", "fields": {"habilitado": true, "nome": "Reflexo", "custo_material": "25", "especialidade": 2, "comissao": "30", "valor": "180", "descricao": "Reflexo"}}, {"pk": 3, "model": "cadastro.pacoteservico", "fields": {"valor": "15", "habilitado": true, "descricao": "P\u00e9 e M\u00e3o", "nome": "P\u00e9 e M\u00e3o"}}, {"pk": 4, "model": "cadastro.pacoteservico", "fields": {"valor": "75", "habilitado": true, "descricao": "Depila\u00e7\u00e3o  da Perna Inteira e Virilha", "nome": "Perna Inteira e Virilha"}}, {"pk": 5, "model": "cadastro.pacoteservico", "fields": {"valor": "85", "habilitado": true, "descricao": "Depila\u00e7\u00e3o da Perna Inteira, Virilha e Axila", "nome": "Perna Inteira, Virilha e Axila"}}, {"pk": 6, "model": "cadastro.pacoteservico", "fields": {"valor": "55", "habilitado": true, "descricao": "Depila\u00e7\u00e3o de Meia perna e Virilha", "nome": "Meia perna e Virilha"}}, {"pk": 7, "model": "cadastro.pacoteservico", "fields": {"valor": "65", "habilitado": true, "descricao": "Depila\u00e7\u00e3o da Meia Perna, Virilha e Axila", "nome": "Meia Perna, Virilha e Axila"}}, {"pk": 8, "model": "cadastro.pacoteservico", "fields": {"valor": "500", "habilitado": true, "descricao": "Dia de Noiva", "nome": "Dia de Noiva"}}, {"pk": 1, "model": "cadastro.servicopacoteservico", "fields": {"pacote_servico": 3, "servico": 1, "valor_rateado": "8"}}, {"pk": 2, "model": "cadastro.servicopacoteservico", "fields": {"pacote_servico": 3, "servico": 2, "valor_rateado": "7"}}, {"pk": 3, "model": "cadastro.servicopacoteservico", "fields": {"pacote_servico": 4, "servico": 11, "valor_rateado": "50"}}, {"pk": 4, "model": "cadastro.servicopacoteservico", "fields": {"pacote_servico": 4, "servico": 9, "valor_rateado": "25"}}, {"pk": 5, "model": "cadastro.servicopacoteservico", "fields": {"pacote_servico": 5, "servico": 11, "valor_rateado": "50"}}, {"pk": 6, "model": "cadastro.servicopacoteservico", "fields": {"pacote_servico": 5, "servico": 9, "valor_rateado": "25"}}, {"pk": 7, "model": "cadastro.servicopacoteservico", "fields": {"pacote_servico": 5, "servico": 7, "valor_rateado": "10"}}, {"pk": 8, "model": "cadastro.servicopacoteservico", "fields": {"pacote_servico": 6, "servico": 10, "valor_rateado": "35"}}, {"pk": 9, "model": "cadastro.servicopacoteservico", "fields": {"pacote_servico": 6, "servico": 9, "valor_rateado": "20"}}, {"pk": 10, "model": "cadastro.servicopacoteservico", "fields": {"pacote_servico": 7, "servico": 10, "valor_rateado": "35"}}, {"pk": 11, "model": "cadastro.servicopacoteservico", "fields": {"pacote_servico": 7, "servico": 9, "valor_rateado": "20"}}, {"pk": 12, "model": "cadastro.servicopacoteservico", "fields": {"pacote_servico": 7, "servico": 7, "valor_rateado": "10"}}, {"pk": 13, "model": "cadastro.servicopacoteservico", "fields": {"pacote_servico": 8, "servico": 1, "valor_rateado": "8"}}, {"pk": 14, "model": "cadastro.servicopacoteservico", "fields": {"pacote_servico": 8, "servico": 2, "valor_rateado": "8"}}, {"pk": 15, "model": "cadastro.servicopacoteservico", "fields": {"pacote_servico": 8, "servico": 4, "valor_rateado": "48"}}, {"pk": 16, "model": "cadastro.servicopacoteservico", "fields": {"pacote_servico": 8, "servico": 5, "valor_rateado": "28"}}, {"pk": 17, "model": "cadastro.servicopacoteservico", "fields": {"pacote_servico": 8, "servico": 6, "valor_rateado": "64"}}, {"pk": 18, "model": "cadastro.servicopacoteservico", "fields": {"pacote_servico": 8, "servico": 7, "valor_rateado": "16"}}, {"pk": 19, "model": "cadastro.servicopacoteservico", "fields": {"pacote_servico": 8, "servico": 8, "valor_rateado": "12"}}, {"pk": 20, "model": "cadastro.servicopacoteservico", "fields": {"pacote_servico": 8, "servico": 9, "valor_rateado": "24"}}, {"pk": 21, "model": "cadastro.servicopacoteservico", "fields": {"pacote_servico": 8, "servico": 11, "valor_rateado": "40"}}, {"pk": 22, "model": "cadastro.servicopacoteservico", "fields": {"pacote_servico": 8, "servico": 12, "valor_rateado": "96"}}, {"pk": 23, "model": "cadastro.servicopacoteservico", "fields": {"pacote_servico": 8, "servico": 13, "valor_rateado": "80"}}, {"pk": 24, "model": "cadastro.servicopacoteservico", "fields": {"pacote_servico": 8, "servico": 14, "valor_rateado": "48"}}, {"pk": 25, "model": "cadastro.servicopacoteservico", "fields": {"pacote_servico": 8, "servico": 15, "valor_rateado": "28"}}, {"pk": 1, "model": "cadastro.userprofile", "fields": {"perfil_funcionario": 4, "user": 2, "perfil_cliente": null}}]